id,accountNumber,type,amount,timestamp,status,description
a1a66c68-4a77-4b3a-817b-e40911b5aba9,1,DEPOSIT,100.0,2026-08-21T18:22:25.236634500,SUCCESS,"Initial account opening deposit'
1d5998c6-c09a-4371-a998-d59484e85402,SAV-1001,DEPOSIT,1500.0,2026-08-21T18:23:46.393142300,SUCCESS,"Initial account opening deposit'
75bc2449-b25c-42c3-8ad1-bd2c49ad96c9,SAV-1002,DEPOSIT,12500.0,2026-08-21T18:24:04.090231600,SUCCESS,"Initial account opening deposit'
3c3b94c0-c855-4c73-82ed-4f1b2f066ffa,SAV-1003,DEPOSIT,350.0,2026-08-21T18:24:18.422195800,SUCCESS,"Initial account opening deposit'
9e854a63-f0c9-47b4-a8ef-12bc5934ece8,CHK-2001,DEPOSIT,850.0,2026-08-21T18:24:32.800472,SUCCESS,"Initial account opening deposit'
ddb0387e-fc82-41af-ac87-c0f8425c2d22,CHK-2002,DEPOSIT,4200.0,2026-08-21T18:24:45.673032500,SUCCESS,"Initial account opening deposit'
3c000653-95a7-40e7-a310-b96fe7d1e81d,CHK-2003,DEPOSIT,120.0,2026-08-21T18:25:37.998506400,SUCCESS,"Initial account opening deposit'
6ee6e8c6-7852-4df6-870c-7758a4babd80,CHK-2002,DEPOSIT,100.0,2026-08-21T18:25:54.044775200,SUCCESS,"Successful deposit'
f4f8e354-ffb0-4b7f-bee0-29a10a7b165d,1,INTEREST,0.4166666666666667,2026-08-21T18:26:22.501471200,SUCCESS,"Monthly interest applied: .0.416667'
38fbe3a5-c2d6-4c66-b5cf-2e46172f5521,SAV-1001,INTEREST,4.375,2026-08-21T18:26:22.503472900,SUCCESS,"Monthly interest applied: .4.375000'
52f63d0e-80cd-4102-9bc5-8e0234d0099e,SAV-1002,INTEREST,52.083333333333336,2026-08-21T18:26:22.505108200,SUCCESS,"Monthly interest applied: .52.083333'
ec41fd28-053f-4fc5-877b-46b3b635fca5,SAV-1003,INTEREST,0.5833333333333334,2026-08-21T18:26:22.506995100,SUCCESS,"Monthly interest applied: .0.583333'
f26e8a96-b02f-4365-a0ad-5b15064a72a0,CHK-2001,FEE,25.0,2026-08-21T18:26:22.508028500,SUCCESS,"Monthly maintenance fee deducted: 25.00'
5d3f4476-049d-422a-aa6e-c8b782d544ba,CHK-2002,FEE,25.0,2026-08-21T18:26:22.510326800,SUCCESS,"Monthly maintenance fee deducted: 25.00'
ae2d1255-9881-44ab-a0f5-97e03d04db2d,CHK-2003,FEE,25.0,2026-08-21T18:26:22.510827100,SUCCESS,"Monthly maintenance fee deducted: 25.00'
1914cfff-d4ee-4adf-832f-60604e1ba213,SAV-1002,TRANSFER_OUT,10000.0,2026-08-21T18:27:21.417717500,SUCCESS,"Transfer to 1'
31943369-38f3-4589-a7cb-c92e4d5b0537,1,TRANSFER_IN,10000.0,2026-08-21T18:27:21.417717500,SUCCESS,"Transfer from SAV-1002'
